{"cameraMode":{"drawMode":0,"name":"Shaded","section":"Shading Mode"},"sceneLighting":true,"audioPlay":false,"sceneViewState":{"m_AlwaysRefresh":false,"showFog":true,"showSkybox":true,"showFlares":true,"showImageEffects":true,"showParticleSystems":true,"showVisualEffectGraphs":true,"m_FxEnabled":true},"in2DMode":false,"pivot":{"x":399.20001220703127,"y":304.6690673828125,"z":-8.361297607421875},"rotation":{"x":-0.25980040431022646,"y":-0.00467567378655076,"z":0.0012844967423006893,"w":-0.9656710624694824},"size":242.649169921875,"orthographic":false}